Country,2000,2000_lower, 2000_upper, 2001,2001_lower, 2001_upper, 2002,2002_lower, 2002_upper, 2003,2003_lower, 2003_upper, 2004,2004_lower, 2004_upper, 2005,2005_lower, 2005_upper, 2006,2006_lower, 2006_upper, 2007,2007_lower, 2007_upper, 2008,2008_lower, 2008_upper, 2009,2009_lower, 2009_upper, 2010,2010_lower, 2010_upper, 2011,2011_lower, 2011_upper, 2012,2012_lower, 2012_upper, 2013,2013_lower, 2013_upper, 2014,2014_lower, 2014_upper, 2015,2015_lower, 2015_upper, 2016,2016_lower, 2016_upper, 2017,2017_lower, 2017_upper, 2018,2018_lower, 2018_upper
Afghanistan,83 ,22 , 180,85 ,24 , 180,51 ,15 , 110,66 ,20 , 140,67 ,22 , 140,70 ,24 , 140,69 ,24 , 140,80 ,29 , 160,83 ,31 , 160,98 ,38 , 190,100 ,40 , 200,130 ,49 , 240,130 ,52 , 260,130 ,51 , 250,130 ,49 , 240,120 ,45 , 220,110 ,41 , 210,92 ,34 , 180,98 ,36 , 190
Albania,0 ,0 , 0,0 ,0 , 1,0 ,0 , 0,0 ,0 , 1,0 ,0 , 1,0 ,0 , 1,0 ,0 , 1,1 ,0 , 1,1 ,0 , 1,1 ,0 , 1,1 ,0 , 1,1 ,0 , 2,1 ,0 , 2,1 ,1 , 2,1 ,1 , 2,1 ,0 , 2,1 ,1 , 2,1 ,1 , 2,1 ,1 , 2
Algeria,11 ,6 , 18,13 ,7 , 21,9 ,6 , 12,12 ,6 , 19,14 ,7 , 22,17 ,9 , 27,18 ,10 , 29,24 ,13 , 39,24 ,13 , 39,29 ,15 , 47,34 ,18 , 54,40 ,21 , 64,44 ,24 , 71,43 ,23 , 69,46 ,25 , 74,49 ,26 , 79,50 ,27 , 81,48 ,26 , 77,53 ,28 , 85
Andorra,0 ,0 , 0,0 ,0 , 0,0 ,0 , 0,0 ,0 , 0,0 ,0 , 0,0 ,0 , 0,0 ,0 , 0,0 ,0 , 0,0 ,0 , 0,0 ,0 , 0,0 ,0 , 0,0 ,0 , 0,0 ,0 , 0,0 ,0 , 0,0 ,0 , 0,0 ,0 , 0,0 ,0 , 0,0 ,0 , 0,0 ,0 , 0
Angola,4800 ,1500 , 9800,4900 ,1600 , 9900,3000 ,940 , 6300,3400 ,1100 , 7100,4400 ,1400 , 9000,5200 ,1700 , 11 000,4300 ,1500 , 8600,3000 ,1800 , 4500,6800 ,2300 , 14 000,3500 ,2100 , 5300,8600 ,3000 , 17 000,5500 ,3300 , 8300,9400 ,3400 , 18 000,8500 ,3000 , 17 000,9100 ,3200 , 18 000,8200 ,2800 , 16 000,8700 ,3000 , 17 000,9100 ,3100 , 18 000,3700 ,2400 , 5300
Antigua and Barbuda,0 ,0 , 0,0 ,0 , 0,0 ,0 , 0,0 ,0 , 0,0 ,0 , 0,1 ,0 , 1,1 ,0 , 1,0 ,0 , 0,0 ,0 , 0,0 ,0 , 0,1 ,1 , 1,1 ,0 , 1,0 ,0 , 1,1 ,0 , 2,0 ,0 , 1,0 ,0 , 0,0 ,0 , 0,0 ,0 , 0,0 ,0 , 0
Argentina,140 ,66 , 230,140 ,68 , 240,89 ,43 , 150,98 ,47 , 170,110 ,52 , 190,110 ,51 , 180,99 ,48 , 170,130 ,61 , 210,120 ,63 , 190,95 ,46 , 160,94 ,46 , 160,140 ,69 , 240,130 ,63 , 220,130 ,62 , 210,120 ,60 , 210,120 ,60 , 210,150 ,80 , 250,140 ,71 , 220,150 ,76 , 240
Armenia,4 ,1 , 10,6 ,1 , 14,5 ,1 , 11,7 ,2 , 16,9 ,2 , 20,16 ,4 , 34,13 ,4 , 29,16 ,5 , 34,15 ,4 , 33,15 ,4 , 32,5 ,3 , 9,11 ,7 , 16,17 ,11 , 24,17 ,11 , 25,22 ,15 , 31,27 ,18 , 39,15 ,9 , 21,17 ,11 , 25,20 ,13 , 28
Australia,16 ,5 , 33,14 ,4 , 29,14 ,4 , 30,14 ,4 , 30,8 ,2 , 18,9 ,3 , 20,10 ,3 , 22,7 ,2 , 14,8 ,2 , 17,8 ,2 , 17,9 ,3 , 19,8 ,2 , 18,3 ,1 , 5,6 ,3 , 9,4 ,2 , 6,5 ,2 , 8,4 ,2 , 7,5 ,3 , 8,5 ,2 , 8
Austria,13 ,6 , 22,10 ,5 , 18,11 ,5 , 19,11 ,5 , 19,5 ,2 , 9,6 ,3 , 11,5 ,2 , 9,4 ,2 , 7,4 ,2 , 6,3 ,2 , 6,4 ,2 , 7,4 ,2 , 7,4 ,2 , 7,3 ,1 , 5,3 ,1 , 4,2 ,1 , 4,4 ,2 , 7,3 ,2 , 5,2 ,1 , 4
Azerbaijan,28 ,3 , 82,32 ,5 , 85,23 ,4 , 58,21 ,5 , 51,33 ,8 , 75,38 ,9 , 88,36 ,9 , 82,41 ,11 , 92,53 ,14 , 120,67 ,18 , 150,15 ,9 , 22,11 ,7 , 17,28 ,19 , 39,25 ,17 , 34,33 ,22 , 45,23 ,15 , 32,29 ,20 , 40,22 ,15 , 31,18 ,11 , 25
Bahamas,10 ,6 , 15,7 ,4 , 11,5 ,3 , 8,2 ,1 , 4,4 ,2 , 7,4 ,2 , 7,6 ,3 , 9,2 ,1 , 4,4 ,2 , 5,3 ,2 , 4,3 ,2 , 4,2 ,1 , 4,2 ,1 , 3,2 ,1 , 3,3 ,1 , 6,3 ,2 , 5,7 ,5 , 10,4 ,2 , 5,2 ,1 , 3
Bahrain,1 ,0 , 2,1 ,0 , 2,1 ,0 , 2,1 ,0 , 3,1 ,0 , 3,1 ,0 , 2,1 ,0 , 1,2 ,1 , 3,2 ,1 , 4,2 ,1 , 4,2 ,1 , 4,2 ,1 , 4,0 ,0 , 1,0 ,0 , 1,0 ,0 , 0,0 ,0 , 0,0 ,0 , 1,0 ,0 , 0,0 ,0 , 0
Bangladesh,14 ,0 , 57,19 ,0 , 81,25 ,3 , 70,35 ,3 , 100,47 ,6 , 130,120 ,60 , 210,130 ,64 , 220,180 ,87 , 300,180 ,89 , 310,200 ,97 , 340,230 ,110 , 390,280 ,130 , 470,280 ,140 , 480,260 ,130 , 450,250 ,120 , 430,240 ,120 , 400,230 ,120 , 400,200 ,99 , 340,190 ,94 , 320
Barbados,0 ,0 , 0,0 ,0 , 1,0 ,0 , 1,1 ,0 , 1,1 ,0 , 2,0 ,0 , 1,0 ,0 , 1,1 ,0 , 1,0 ,0 , 1,0 ,0 , 0,0 ,0 , 1,0 ,0 , 0,0 ,0 , 0,0 ,0 , 0,0 ,0 , 0,0 ,0 , 0,0 ,0 , 0,0 ,0 , 0,0 ,0 , 0
Belarus,10 ,3 , 23,11 ,3 , 25,8 ,2 , 18,14 ,4 , 31,17 ,10 , 24,21 ,6 , 46,25 ,7 , 54,36 ,10 , 78,39 ,27 , 54,49 ,32 , 68,48 ,32 , 67,51 ,34 , 71,55 ,39 , 75,60 ,42 , 82,65 ,45 , 87,54 ,38 , 74,74 ,52 , 99,53 ,37 , 72,47 ,32 , 65
Belgium,17 ,5 , 36,17 ,5 , 36,17 ,5 , 35,16 ,5 , 34,14 ,9 , 21,11 ,6 , 16,11 ,7 , 16,10 ,6 , 15,10 ,6 , 15,8 ,4 , 12,12 ,7 , 18,9 ,5 , 14,9 ,3 , 20,7 ,2 , 14,7 ,2 , 14,7 ,2 , 14,10 ,3 , 22,9 ,3 , 19,6 ,2 , 13
Belize,0 ,0 , 0,0 ,0 , 0,0 ,0 , 0,2 ,1 , 4,2 ,1 , 4,4 ,2 , 7,2 ,1 , 3,2 ,1 , 3,3 ,2 , 5,3 ,2 , 5,5 ,3 , 8,5 ,3 , 8,3 ,2 , 6,4 ,2 , 7,5 ,3 , 8,3 ,1 , 5,7 ,4 , 10,5 ,3 , 8,6 ,4 , 9
Benin,590 ,180 , 1200,600 ,190 , 1300,380 ,100 , 820,400 ,110 , 870,380 ,110 , 830,370 ,110 , 790,300 ,200 , 440,310 ,200 , 440,350 ,230 , 500,350 ,230 , 500,360 ,230 , 520,350 ,230 , 500,360 ,230 , 510,370 ,240 , 530,350 ,100 , 760,320 ,210 , 470,330 ,210 , 470,380 ,240 , 550,320 ,200 , 460
Bhutan,12 ,2 , 29,12 ,2 , 31,9 ,2 , 22,11 ,2 , 27,12 ,2 , 29,13 ,2 , 32,12 ,2 , 31,16 ,3 , 39,14 ,3 , 36,17 ,3 , 44,21 ,4 , 52,21 ,4 , 53,19 ,3 , 48,17 ,3 , 43,3 ,1 , 5,2 ,1 , 5,2 ,0 , 3,1 ,0 , 3,1 ,0 , 2
Bolivia (Plurinational State of),480 ,150 , 1000,470 ,150 , 970,310 ,95 , 650,360 ,110 , 760,350 ,110 , 740,340 ,110 , 710,350 ,100 , 740,400 ,120 , 840,320 ,94 , 680,310 ,90 , 650,310 ,90 , 660,310 ,90 , 650,140 ,91 , 210,120 ,77 , 180,180 ,110 , 260,190 ,120 , 280,180 ,110 , 250,190 ,120 , 280,190 ,120 , 270
Bosnia and Herzegovina,0 ,0 , 1,1 ,0 , 1,0 ,0 , 0,0 ,0 , 0,0 ,0 , 1,0 ,0 , 1,0 ,0 , 1,1 ,0 , 1,1 ,0 , 1,1 ,0 , 1,1 ,0 , 1,1 ,0 , 1,1 ,0 , 1,1 ,0 , 1,1 ,0 , 1,1 ,0 , 1,1 ,0 , 1,0 ,0 , 1,0 ,0 , 1
Botswana,3800 ,2200 , 5700,3500 ,2100 , 5300,3000 ,1900 , 4400,3000 ,1800 , 4300,2500 ,1600 , 3600,2200 ,1400 , 3200,2700 ,1600 , 4100,2500 ,1600 , 3500,1900 ,1300 , 2600,1700 ,1300 , 2300,2000 ,1300 , 2900,1800 ,1200 , 2600,1300 ,970 , 1800,1100 ,800 , 1400,1200 ,840 , 1600,1400 ,910 , 2000,970 ,720 , 1300,660 ,460 , 890,1200 ,880 , 1600
Brazil,1200 ,350 , 2600,1200 ,360 , 2600,870 ,240 , 1900,1000 ,300 , 2300,1100 ,320 , 2400,1200 ,350 , 2400,1000 ,300 , 2200,1200 ,360 , 2600,1200 ,350 , 2600,1200 ,360 , 2600,2500 ,1800 , 3200,2400 ,1800 , 3100,2400 ,1700 , 3100,2100 ,1400 , 3000,2100 ,1400 , 2900,2000 ,1500 , 2600,1900 ,1400 , 2400,2000 ,1500 , 2600,1900 ,1400 , 2400
Brunei Darussalam,0 ,0 , 0,0 ,0 , 0,0 ,0 , 0,0 ,0 , 0,0 ,0 , 0,0 ,0 , 1,0 ,0 , 0,0 ,0 , 0,0 ,0 , 0,0 ,0 , 1,0 ,0 , 0,0 ,0 , 1,0 ,0 , 1,0 ,0 , 0,0 ,0 , 0,0 ,0 , 0,0 ,0 , 1,0 ,0 , 1,1 ,0 , 2
Bulgaria,2 ,1 , 4,3 ,1 , 6,2 ,0 , 4,2 ,1 , 5,2 ,1 , 5,3 ,1 , 6,3 ,1 , 7,4 ,1 , 9,5 ,1 , 10,5 ,1 , 10,1 ,0 , 2,2 ,1 , 4,1 ,0 , 3,1 ,0 , 3,1 ,0 , 3,4 ,1 , 9,0 ,0 , 0,1 ,0 , 3,4 ,1 , 8
Burkina Faso,1500 ,590 , 2900,1500 ,560 , 2800,970 ,320 , 2000,990 ,330 , 2000,930 ,310 , 1900,840 ,280 , 1700,1100 ,730 , 1700,1200 ,740 , 1900,880 ,560 , 1300,730 ,460 , 1100,660 ,420 , 950,580 ,380 , 840,490 ,310 , 710,430 ,270 , 620,400 ,250 , 580,310 ,200 , 450,320 ,210 , 460,310 ,200 , 450,310 ,200 , 440
Burundi,4300 ,1900 , 7800,3900 ,1700 , 7000,2500 ,930 , 4800,2300 ,870 , 4400,2000 ,760 , 3900,1800 ,680 , 3600,1700 ,620 , 3300,1700 ,630 , 3300,1400 ,500 , 2700,1200 ,440 , 2400,1000 ,660 , 1500,1100 ,680 , 1500,890 ,570 , 1300,630 ,410 , 900,620 ,390 , 890,660 ,420 , 950,510 ,320 , 730,470 ,300 , 680,480 ,300 , 690
Cabo Verde,10 ,3 , 22,11 ,3 , 23,5 ,1 , 10,8 ,2 , 18,8 ,2 , 17,4 ,2 , 7,7 ,2 , 15,8 ,3 , 17,10 ,3 , 21,10 ,3 , 22,11 ,4 , 24,14 ,9 , 21,13 ,8 , 19,6 ,4 , 10,7 ,4 , 10,8 ,5 , 12,5 ,3 , 8,7 ,4 , 11,7 ,4 , 11
Cambodia,2200 ,610 , 4900,4600 ,2700 , 6900,3900 ,2300 , 5900,3400 ,2000 , 5100,3000 ,1800 , 4500,2500 ,1500 , 3700,2400 ,1400 , 3500,2200 ,1300 , 3200,1900 ,1100 , 2900,1700 ,1100 , 2500,1300 ,790 , 1900,1100 ,690 , 1500,830 ,540 , 1200,770 ,490 , 1100,520 ,330 , 750,480 ,300 , 710,470 ,290 , 700,410 ,240 , 610,380 ,210 , 600
Cameroon,16 000 ,7400 , 28 000,16 000 ,7300 , 27 000,12 000 ,5100 , 23 000,12 000 ,5300 , 23 000,12 000 ,5300 , 23 000,12 000 ,5000 , 21 000,11 000 ,4700 , 20 000,12 000 ,5200 , 20 000,10 000 ,6500 , 15 000,9900 ,6300 , 14 000,8600 ,5200 , 13 000,9100 ,5800 , 13 000,8600 ,5500 , 12 000,8500 ,5400 , 12 000,7600 ,4900 , 11 000,7100 ,4600 , 10 000,6700 ,4300 , 9700,6000 ,3800 , 8700,5700 ,3600 , 8200
Canada,44 ,14 , 91,41 ,13 , 85,39 ,12 , 80,40 ,13 , 83,20 ,6 , 42,23 ,7 , 49,20 ,6 , 42,15 ,4 , 32,16 ,5 , 34,14 ,8 , 21,9 ,6 , 14,16 ,5 , 34,20 ,6 , 43,14 ,4 , 30,14 ,4 , 29,13 ,4 , 28,20 ,6 , 43,19 ,6 , 41,13 ,4 , 28
Central African Republic,8200 ,4300 , 13 000,8600 ,4400 , 14 000,6100 ,2800 , 11 000,6900 ,3200 , 12 000,7000 ,3200 , 12 000,7300 ,3400 , 13 000,6300 ,2900 , 11 000,6800 ,3200 , 12 000,6400 ,2900 , 11 000,5800 ,2700 , 10 000,6600 ,3000 , 11 000,7200 ,3300 , 13 000,6200 ,2900 , 11 000,5800 ,2600 , 10 000,4900 ,2100 , 8900,4600 ,1900 , 8400,3600 ,2300 , 5200,3500 ,2200 , 5100,3100 ,2000 , 4500
Chad,1800 ,650 , 3600,1900 ,680 , 3700,1300 ,420 , 2700,1500 ,500 , 3200,1600 ,510 , 3200,1400 ,480 , 3000,1500 ,490 , 3100,1800 ,600 , 3600,1600 ,530 , 3300,1500 ,500 , 3000,1400 ,480 , 2900,1500 ,510 , 3000,1500 ,520 , 3100,1500 ,490 , 2900,1300 ,430 , 2600,1700 ,1100 , 2500,1900 ,1200 , 2800,1700 ,1100 , 2400,1400 ,900 , 2000
Chile,60 ,19 , 120,58 ,18 , 120,51 ,16 , 110,53 ,17 , 110,34 ,10 , 73,40 ,12 , 84,36 ,11 , 76,28 ,8 , 60,31 ,9 , 65,32 ,9 , 67,39 ,12 , 82,40 ,12 , 83,45 ,14 , 94,33 ,10 , 71,39 ,13 , 80,60 ,39 , 85,58 ,37 , 82,55 ,36 , 79,58 ,42 , 77
China,13 000 ,6400 , 22 000,13 000 ,6600 , 22 000,8000 ,4000 , 13 000,7700 ,3900 , 13 000,5800 ,3000 , 9600,4600 ,2300 , 7600,4200 ,2100 , 6900,4100 ,2000 , 6800,3500 ,1700 , 5900,3600 ,1800 , 6000,3500 ,1700 , 5800,3900 ,2000 , 6500,3900 ,2000 , 6400,3600 ,1800 , 6000,3300 ,1700 , 5400,3100 ,1600 , 5100,3100 ,1600 , 5200,2600 ,1200 , 4400,2400 ,1200 , 4000
Colombia,300 ,95 , 630,300 ,95 , 630,190 ,55 , 390,210 ,63 , 450,210 ,62 , 440,190 ,57 , 400,160 ,110 , 230,240 ,78 , 510,290 ,200 , 400,300 ,200 , 410,240 ,76 , 500,280 ,89 , 580,500 ,360 , 660,540 ,390 , 710,420 ,310 , 550,430 ,310 , 560,470 ,340 , 610,410 ,300 , 540,450 ,330 , 590
Comoros,0 ,0 , 1,0 ,0 , 1,0 ,0 , 0,0 ,0 , 1,0 ,0 , 2,2 ,0 , 6,0 ,0 , 1,0 ,0 , 1,0 ,0 , 1,0 ,0 , 1,0 ,0 , 1,1 ,0 , 1,2 ,0 , 8,1 ,0 , 1,0 ,0 , 1,0 ,0 , 1,0 ,0 , 1,0 ,0 , 2,0 ,0 , 1
Congo,1200 ,750 , 1700,1400 ,900 , 2000,1200 ,750 , 1900,2100 ,1200 , 3400,1800 ,1100 , 2800,1900 ,1100 , 3000,2300 ,1300 , 3700,2400 ,1300 , 3800,2300 ,1300 , 3700,2200 ,1200 , 3400,2100 ,1200 , 3400,2100 ,1300 , 3200,2200 ,1300 , 3200,2300 ,1300 , 3600,2400 ,1300 , 3800,2400 ,1300 , 3800,2300 ,1200 , 3800,2300 ,1200 , 3800,2300 ,1200 , 3800
Costa Rica,6 ,2 , 14,7 ,2 , 16,4 ,1 , 9,7 ,4 , 11,7 ,2 , 15,18 ,12 , 26,14 ,8 , 20,12 ,7 , 18,11 ,7 , 17,6 ,2 , 13,14 ,8 , 20,10 ,6 , 16,14 ,9 , 21,9 ,6 , 14,11 ,7 , 16,8 ,5 , 13,9 ,5 , 13,9 ,5 , 13,11 ,7 , 17
Croatia,4 ,2 , 6,3 ,1 , 5,4 ,2 , 6,4 ,2 , 7,2 ,1 , 3,2 ,1 , 3,2 ,1 , 3,1 ,1 , 2,1 ,1 , 2,1 ,1 , 2,1 ,1 , 2,1 ,1 , 2,1 ,1 , 2,1 ,0 , 1,1 ,0 , 1,1 ,0 , 1,1 ,1 , 2,1 ,0 , 1,0 ,0 , 1
Cuba,3 ,1 , 7,3 ,1 , 6,2 ,1 , 4,0 ,0 , 0,0 ,0 , 1,0 ,0 , 0,3 ,1 , 7,5 ,1 , 10,15 ,9 , 22,0 ,0 , 0,1 ,1 , 2,12 ,7 , 17,13 ,9 , 18,12 ,8 , 17,16 ,10 , 22,12 ,8 , 18,12 ,7 , 17,18 ,11 , 25,14 ,9 , 20
Cyprus,0 ,0 , 0,0 ,0 , 0,0 ,0 , 0,0 ,0 , 0,0 ,0 , 0,0 ,0 , 0,0 ,0 , 0,0 ,0 , 0,0 ,0 , 1,0 ,0 , 0,0 ,0 , 0,0 ,0 , 0,0 ,0 , 0,0 ,0 , 0,0 ,0 , 0,0 ,0 , 0,0 ,0 , 0,0 ,0 , 0,0 ,0 , 0
Czech Republic,2 ,1 , 3,2 ,1 , 3,2 ,1 , 3,2 ,1 , 3,1 ,0 , 1,1 ,0 , 2,1 ,0 , 2,1 ,0 , 1,1 ,0 , 1,1 ,0 , 1,1 ,0 , 1,1 ,0 , 1,1 ,0 , 2,1 ,0 , 1,1 ,0 , 1,1 ,0 , 1,1 ,1 , 2,1 ,1 , 2,1 ,0 , 1
CÃ´te d'Ivoire,21 000 ,11 000 , 35 000,20 000 ,9700 , 33 000,14 000 ,6100 , 26 000,13 000 ,5900 , 24 000,11 000 ,5000 , 21 000,10 000 ,4500 , 19 000,9100 ,3900 , 16 000,8300 ,3700 , 15 000,5000 ,3200 , 7200,5000 ,3200 , 7200,3800 ,2400 , 5400,3900 ,2500 , 5600,3500 ,2300 , 5000,2900 ,2000 , 4000,3000 ,1900 , 4300,3000 ,2000 , 4300,2900 ,1800 , 4100,2700 ,1700 , 3800,2500 ,1600 , 3600
Democratic People's Republic of Korea,26 ,0 , 130,30 ,0 , 150,34 ,5 , 93,38 ,6 , 99,41 ,6 , 110,44 ,6 , 120,47 ,8 , 120,50 ,10 , 120,83 ,43 , 130,81 ,42 , 130,74 ,38 , 120,74 ,38 , 120,74 ,38 , 120,63 ,32 , 100,51 ,26 , 85,38 ,18 , 65,40 ,19 , 68,51 ,26 , 85,68 ,35 , 110
Democratic Republic of the Congo,24 000 ,9400 , 46 000,24 000 ,9000 , 45 000,16 000 ,5300 , 32 000,16 000 ,5500 , 32 000,15 000 ,5000 , 29 000,15 000 ,5000 , 30 000,15 000 ,5000 , 30 000,6900 ,4200 , 10 000,6500 ,3900 , 9700,15 000 ,5100 , 31 000,16 000 ,5200 , 32 000,18 000 ,6000 , 36 000,18 000 ,6000 , 37 000,17 000 ,5500 , 35 000,16 000 ,4900 , 32 000,15 000 ,4600 , 30 000,14 000 ,4300 , 29 000,9800 ,6400 , 14 000,10 000 ,3200 , 22 000
Denmark,10 ,3 , 20,8 ,2 , 16,6 ,2 , 13,6 ,2 , 14,1 ,0 , 2,4 ,1 , 8,3 ,1 , 6,3 ,1 , 6,0 ,0 , 0,0 ,0 , 0,2 ,1 , 3,2 ,1 , 4,2 ,1 , 3,2 ,1 , 4,2 ,0 , 4,2 ,0 , 3,2 ,1 , 5,2 ,0 , 4,1 ,0 , 3
Djibouti,380 ,160 , 700,420 ,180 , 760,230 ,86 , 430,250 ,98 , 470,230 ,89 , 430,240 ,93 , 450,220 ,85 , 410,120 ,82 , 170,140 ,95 , 200,130 ,84 , 180,300 ,110 , 560,270 ,110 , 520,250 ,95 , 470,210 ,79 , 400,56 ,39 , 74,41 ,28 , 57,35 ,24 , 48,27 ,18 , 36,19 ,13 , 27
Dominica,0 ,0 , 0,0 ,0 , 0,0 ,0 , 0,0 ,0 , 0,0 ,0 , 0,0 ,0 , 0,0 ,0 , 0,0 ,0 , 0,0 ,0 , 0,0 ,0 , 1,0 ,0 , 0,0 ,0 , 0,0 ,0 , 0,1 ,0 , 1,0 ,0 , 0,0 ,0 , 0,0 ,0 , 1,0 ,0 , 0,0 ,0 , 0
Dominican Republic,380 ,140 , 740,340 ,130 , 660,190 ,64 , 390,240 ,83 , 490,230 ,77 , 460,120 ,81 , 170,210 ,71 , 430,210 ,73 , 420,200 ,68 , 410,100 ,69 , 150,200 ,70 , 410,230 ,80 , 440,240 ,180 , 320,290 ,210 , 380,280 ,200 , 360,300 ,220 , 390,280 ,200 , 360,270 ,190 , 350,260 ,190 , 340
Ecuador,140 ,32 , 320,120 ,28 , 280,71 ,16 , 170,93 ,22 , 220,88 ,20 , 200,62 ,15 , 140,64 ,15 , 150,110 ,72 , 160,95 ,61 , 140,110 ,68 , 150,100 ,65 , 150,140 ,90 , 200,150 ,97 , 220,190 ,130 , 260,180 ,130 , 240,150 ,110 , 200,190 ,130 , 250,200 ,140 , 260,210 ,150 , 280
Egypt,9 ,4 , 16,10 ,5 , 17,6 ,3 , 10,7 ,3 , 12,8 ,3 , 13,9 ,4 , 15,11 ,5 , 19,14 ,7 , 25,16 ,7 , 27,17 ,8 , 29,20 ,9 , 35,26 ,12 , 45,30 ,14 , 52,34 ,16 , 59,33 ,15 , 57,32 ,15 , 55,32 ,15 , 56,29 ,13 , 50,31 ,14 , 54
El Salvador,48 ,15 , 99,49 ,16 , 100,34 ,10 , 71,37 ,25 , 51,30 ,20 , 41,60 ,43 , 80,49 ,34 , 65,61 ,44 , 82,55 ,39 , 73,57 ,41 , 77,49 ,35 , 66,51 ,36 , 70,56 ,39 , 77,54 ,38 , 73,54 ,37 , 73,49 ,34 , 67,53 ,36 , 73,44 ,29 , 62,55 ,38 , 75
Equatorial Guinea,58 ,28 , 98,68 ,34 , 110,59 ,26 , 100,72 ,34 , 120,82 ,40 , 140,90 ,44 , 150,99 ,49 , 160,120 ,64 , 190,16 ,10 , 23,190 ,100 , 300,110 ,84 , 140,240 ,140 , 370,260 ,150 , 390,280 ,160 , 440,240 ,190 , 300,330 ,260 , 410,390 ,220 , 600,340 ,270 , 420,400 ,320 , 500
Eritrea,130 ,31 , 300,290 ,100 , 570,200 ,63 , 400,420 ,110 , 950,370 ,92 , 840,300 ,74 , 690,240 ,59 , 550,320 ,80 , 730,590 ,280 , 1000,240 ,59 , 540,240 ,59 , 540,330 ,150 , 560,340 ,160 , 580,110 ,54 , 190,83 ,39 , 140,63 ,29 , 110,75 ,35 , 130,51 ,23 , 89,47 ,21 , 83
Estonia,14 ,0 , 52,37 ,14 , 70,32 ,12 , 61,32 ,13 , 60,5 ,3 , 8,6 ,3 , 9,7 ,4 , 11,9 ,6 , 14,7 ,4 , 11,7 ,5 , 11,6 ,4 , 8,8 ,5 , 12,8 ,5 , 12,7 ,4 , 10,4 ,2 , 7,4 ,2 , 7,4 ,2 , 6,3 ,1 , 4,2 ,1 , 4
Eswatini,1100 ,630 , 1600,1100 ,680 , 1700,1300 ,770 , 1900,1500 ,890 , 2200,1500 ,950 , 2300,1700 ,1000 , 2500,1800 ,1100 , 2600,2000 ,1500 , 2700,2000 ,1500 , 2700,2300 ,1700 , 3000,2300 ,1700 , 3000,1700 ,1300 , 2300,1400 ,1000 , 1900,1300 ,930 , 1700,1100 ,770 , 1400,790 ,550 , 1100,640 ,450 , 870,610 ,430 , 810,510 ,350 , 690
Ethiopia,48 000 ,18 000 , 92 000,45 000 ,17 000 , 88 000,27 000 ,8700 , 55 000,26 000 ,8600 , 54 000,24 000 ,7700 , 49 000,22 000 ,7100 , 45 000,20 000 ,6400 , 42 000,21 000 ,6700 , 42 000,17 000 ,5400 , 34 000,15 000 ,4800 , 31 000,13 000 ,4400 , 28 000,12 000 ,7900 , 17 000,7200 ,4700 , 10 000,8200 ,5400 , 12 000,7300 ,4700 , 10 000,4600 ,3300 , 6000,4100 ,2800 , 5600,3800 ,2600 , 5200,2200 ,1500 , 3000
Fiji,0 ,0 , 2,1 ,0 , 2,0 ,0 , 1,2 ,0 , 3,0 ,0 , 0,0 ,0 , 1,0 ,0 , 1,0 ,0 , 1,0 ,0 , 0,0 ,0 , 0,1 ,0 , 2,1 ,0 , 3,1 ,0 , 3,1 ,0 , 3,4 ,2 , 7,2 ,1 , 4,3 ,1 , 5,3 ,1 , 5,5 ,3 , 9
Finland,3 ,1 , 5,2 ,1 , 4,2 ,1 , 4,2 ,1 , 4,1 ,0 , 2,1 ,1 , 2,1 ,0 , 2,1 ,0 , 2,1 ,0 , 2,1 ,1 , 2,1 ,1 , 2,1 ,1 , 2,1 ,1 , 2,1 ,0 , 1,1 ,0 , 1,1 ,0 , 1,1 ,0 , 2,1 ,0 , 2,1 ,0 , 1
France,220 ,73 , 430,190 ,65 , 390,190 ,66 , 390,220 ,77 , 450,100 ,32 , 210,120 ,38 , 240,100 ,32 , 210,89 ,27 , 190,91 ,28 , 190,83 ,25 , 170,88 ,58 , 120,77 ,51 , 110,77 ,51 , 110,77 ,51 , 110,59 ,39 , 83,61 ,40 , 86,71 ,47 , 99,61 ,41 , 87,67 ,44 , 94
Gabon,1500 ,650 , 2600,1700 ,750 , 3000,1500 ,580 , 2900,1700 ,690 , 3200,1500 ,860 , 2200,860 ,72 , 2600,730 ,47 , 2300,1300 ,750 , 1900,1400 ,860 , 2200,820 ,43 , 2700,800 ,56 , 2500,830 ,76 , 2500,630 ,400 , 910,450 ,290 , 660,630 ,25 , 2200,600 ,15 , 2200,570 ,7 , 2300,550 ,3 , 2400,580 ,6 , 2400
Gambia,190 ,69 , 380,200 ,76 , 400,140 ,48 , 280,160 ,58 , 320,160 ,56 , 300,190 ,67 , 370,230 ,77 , 460,250 ,88 , 500,210 ,78 , 410,160 ,110 , 210,260 ,91 , 510,240 ,94 , 460,160 ,110 , 210,140 ,100 , 190,190 ,140 , 250,180 ,130 , 240,210 ,160 , 280,240 ,170 , 310,280 ,200 , 370
Georgia,12 ,0 , 90,16 ,0 , 110,39 ,10 , 87,40 ,11 , 89,52 ,14 , 120,48 ,13 , 110,45 ,12 , 99,36 ,22 , 53,19 ,13 , 26,18 ,4 , 42,10 ,7 , 14,36 ,11 , 78,55 ,17 , 120,25 ,16 , 35,23 ,16 , 33,25 ,17 , 34,16 ,11 , 23,14 ,9 , 21,17 ,11 , 25
Germany,110 ,52 , 190,77 ,36 , 130,77 ,37 , 130,85 ,40 , 150,38 ,18 , 65,42 ,20 , 73,33 ,15 , 57,24 ,11 , 41,22 ,10 , 38,22 ,10 , 39,26 ,12 , 45,25 ,11 , 43,28 ,13 , 48,20 ,9 , 35,22 ,10 , 37,26 ,12 , 45,40 ,19 , 68,34 ,16 , 59,23 ,11 , 39
Ghana,8800 ,2800 , 18 000,8800 ,2800 , 18 000,6200 ,1800 , 13 000,6700 ,2000 , 14 000,6800 ,2000 , 15 000,6800 ,2000 , 15 000,6600 ,1900 , 14 000,7300 ,2200 , 15 000,6600 ,1900 , 14 000,5600 ,2800 , 9400,6600 ,3300 , 11 000,5700 ,2800 , 9600,5900 ,2900 , 10 000,5800 ,2800 , 10 000,6000 ,2900 , 10 000,5500 ,2600 , 9300,5700 ,2800 , 9700,5300 ,2500 , 9000,4800 ,2300 , 8100
Greece,7 ,3 , 11,5 ,2 , 8,5 ,3 , 9,6 ,3 , 11,4 ,2 , 7,5 ,2 , 8,4 ,2 , 6,3 ,1 , 5,3 ,1 , 5,3 ,1 , 5,3 ,2 , 6,3 ,2 , 6,4 ,2 , 7,3 ,1 , 5,3 ,1 , 5,3 ,1 , 5,4 ,2 , 6,4 ,2 , 7,3 ,1 , 4
Grenada,0 ,0 , 0,0 ,0 , 0,0 ,0 , 0,0 ,0 , 0,0 ,0 , 0,0 ,0 , 0,0 ,0 , 0,0 ,0 , 0,0 ,0 , 0,0 ,0 , 0,0 ,0 , 0,0 ,0 , 0,0 ,0 , 0,0 ,0 , 0,0 ,0 , 0,0 ,0 , 1,0 ,0 , 0,0 ,0 , 1,0 ,0 , 0
Guatemala,99 ,33 , 200,83 ,28 , 170,62 ,20 , 130,62 ,20 , 130,87 ,28 , 180,90 ,29 , 190,83 ,26 , 170,150 ,98 , 220,170 ,120 , 240,100 ,71 , 140,100 ,73 , 140,100 ,74 , 140,83 ,57 , 110,87 ,62 , 120,73 ,51 , 99,55 ,38 , 75,69 ,49 , 94,67 ,48 , 91,64 ,43 , 88
Guinea,3100 ,1100 , 6100,1800 ,1100 , 2700,2100 ,680 , 4200,2200 ,750 , 4400,2100 ,730 , 4300,2200 ,760 , 4500,1900 ,650 , 3800,2000 ,710 , 4000,1800 ,620 , 3500,2100 ,1300 , 3000,1200 ,730 , 1800,1700 ,630 , 3400,1700 ,1100 , 2400,1600 ,1100 , 2300,1700 ,1100 , 2500,1700 ,1100 , 2500,1800 ,1100 , 2500,1700 ,1100 , 2400,1700 ,1100 , 2400
Guinea-Bissau,830 ,360 , 1500,890 ,390 , 1600,710 ,280 , 1300,840 ,340 , 1500,880 ,370 , 1600,980 ,410 , 1800,920 ,380 , 1700,1100 ,470 , 1900,1100 ,460 , 1900,1100 ,480 , 2000,1200 ,510 , 2100,1300 ,590 , 2300,1200 ,780 , 1800,1300 ,820 , 1900,1200 ,740 , 1700,880 ,550 , 1300,1100 ,690 , 1600,1100 ,700 , 1600,1400 ,850 , 2000
Guyana,12 ,4 , 26,15 ,5 , 30,15 ,5 , 32,20 ,7 , 42,22 ,7 , 44,29 ,19 , 41,24 ,15 , 34,54 ,39 , 72,39 ,28 , 52,57 ,41 , 76,55 ,39 , 73,43 ,30 , 59,62 ,45 , 83,47 ,33 , 63,37 ,26 , 49,37 ,26 , 50,37 ,26 , 51,39 ,28 , 53,25 ,17 , 35
Haiti,4300 ,1900 , 7800,4500 ,1900 , 8200,2900 ,1100 , 5700,2800 ,1100 , 5400,2700 ,1000 , 5200,2800 ,1000 , 5300,2700 ,1000 , 5200,2100 ,1300 , 3200,2000 ,1200 , 2900,1800 ,1200 , 2600,1600 ,1000 , 2200,1400 ,990 , 1900,1100 ,810 , 1400,920 ,700 , 1200,990 ,730 , 1300,760 ,560 , 980,750 ,550 , 990,780 ,570 , 1000,860 ,630 , 1100
Honduras,360 ,130 , 710,270 ,94 , 530,140 ,45 , 290,53 ,36 , 72,110 ,35 , 230,98 ,31 , 200,87 ,27 , 180,82 ,26 , 170,75 ,23 , 160,70 ,22 , 150,66 ,21 , 140,93 ,67 , 120,91 ,65 , 120,80 ,56 , 110,76 ,54 , 100,80 ,57 , 110,62 ,43 , 83,50 ,34 , 69,47 ,32 , 65
Hungary,6 ,3 , 10,5 ,2 , 9,5 ,2 , 9,6 ,3 , 10,2 ,1 , 4,2 ,1 , 4,2 ,1 , 3,2 ,1 , 3,2 ,1 , 3,2 ,1 , 3,2 ,1 , 4,2 ,1 , 4,2 ,1 , 4,1 ,1 , 3,1 ,1 , 2,1 ,1 , 2,2 ,1 , 3,1 ,1 , 3,1 ,0 , 1
Iceland,0 ,0 , 0,0 ,0 , 0,0 ,0 , 0,0 ,0 , 0,0 ,0 , 1,0 ,0 , 1,1 ,0 , 1,0 ,0 , 0,0 ,0 , 1,0 ,0 , 0,0 ,0 , 1,0 ,0 , 0,0 ,0 , 0,0 ,0 , 0,0 ,0 , 0,0 ,0 , 0,0 ,0 , 0,0 ,0 , 0,0 ,0 , 0
India,55 000 ,770 , 220 000,125 000 ,31 000 , 282 000,81 000 ,19 000 , 185 000,91 000 ,22 000 , 208 000,88 000 ,21 000 , 201 000,86 000 ,20 000 , 199 000,77 000 ,18 000 , 179 000,84 000 ,43 000 , 137 000,69 000 ,16 000 , 163 000,66 000 ,15 000 , 154 000,63 000 ,14 000 , 148 000,66 000 ,15 000 , 156 000,64 000 ,14 000 , 151 000,51 000 ,28 000 , 81 000,27 000 ,17 000 , 39 000,21 000 ,14 000 , 30 000,12 000 ,7700 , 18 000,11 000 ,6700 , 16 000,9700 ,5700 , 15 000
Indonesia,940 ,2 , 4500,1400 ,8 , 6100,2900 ,1200 , 5500,4000 ,1600 , 7500,4500 ,1800 , 8300,4500 ,1800 , 8300,4500 ,1800 , 8400,6000 ,2500 , 11 000,5500 ,2200 , 10 000,6100 ,2500 , 11 000,6200 ,2500 , 11 000,6600 ,2700 , 12 000,6400 ,2600 , 12 000,6400 ,2500 , 12 000,6000 ,2400 , 11 000,5300 ,2100 , 10 000,4100 ,1600 , 7800,5300 ,2200 , 9600,5300 ,2100 , 9800
Iran (Islamic Republic of),31 ,5 , 81,38 ,7 , 95,26 ,5 , 62,32 ,7 , 75,34 ,8 , 79,35 ,8 , 79,41 ,11 , 90,50 ,14 , 110,50 ,13 , 110,55 ,15 , 120,59 ,16 , 130,70 ,19 , 150,70 ,19 , 150,66 ,17 , 150,56 ,13 , 130,52 ,12 , 120,150 ,110 , 190,95 ,68 , 130,80 ,56 , 110
Iraq,0 ,0 , 0,0 ,0 , 0,0 ,0 , 0,0 ,0 , 0,0 ,0 , 0,0 ,0 , 0,0 ,0 , 0,0 ,0 , 0,0 ,0 , 0,0 ,0 , 2,0 ,0 , 1,1 ,0 , 3,1 ,0 , 3,0 ,0 , 0,0 ,0 , 0,0 ,0 , 0,0 ,0 , 0,0 ,0 , 0,0 ,0 , 2
Ireland,4 ,2 , 7,4 ,2 , 7,4 ,2 , 7,5 ,3 , 9,3 ,1 , 5,4 ,2 , 6,3 ,2 , 6,3 ,1 , 4,3 ,1 , 5,3 ,1 , 5,3 ,1 , 5,3 ,1 , 5,3 ,1 , 5,2 ,1 , 4,2 ,1 , 3,2 ,1 , 3,3 ,2 , 5,3 ,2 , 5,2 ,1 , 3
Israel,6 ,3 , 9,6 ,3 , 9,5 ,3 , 8,8 ,4 , 12,3 ,1 , 4,4 ,2 , 6,2 ,1 , 4,3 ,1 , 5,2 ,1 , 4,5 ,3 , 8,2 ,1 , 3,5 ,2 , 7,3 ,1 , 5,3 ,1 , 5,4 ,2 , 7,2 ,1 , 4,3 ,2 , 5,2 ,1 , 4,2 ,1 , 4
Italy,86 ,43 , 140,98 ,49 , 160,92 ,45 , 150,110 ,55 , 180,52 ,25 , 89,60 ,29 , 100,56 ,27 , 95,29 ,14 , 50,45 ,22 , 77,45 ,21 , 76,59 ,29 , 100,42 ,20 , 72,43 ,21 , 73,29 ,14 , 50,35 ,17 , 59,32 ,15 , 55,51 ,25 , 86,47 ,23 , 81,31 ,15 , 54
Jamaica,12 ,5 , 22,12 ,5 , 21,7 ,3 , 13,12 ,8 , 18,8 ,5 , 12,9 ,5 , 12,8 ,5 , 12,6 ,4 , 9,5 ,3 , 8,11 ,7 , 16,8 ,5 , 12,5 ,3 , 8,5 ,3 , 9,4 ,2 , 7,5 ,3 , 8,6 ,4 , 10,7 ,3 , 13,7 ,4 , 10,4 ,2 , 7
Japan,46 ,12 , 100,42 ,11 , 93,43 ,12 , 95,50 ,13 , 110,25 ,7 , 54,29 ,8 , 64,25 ,7 , 54,16 ,9 , 23,21 ,13 , 31,22 ,6 , 49,27 ,7 , 60,26 ,7 , 58,29 ,8 , 64,21 ,6 , 45,21 ,6 , 46,19 ,5 , 41,28 ,8 , 61,25 ,7 , 54,16 ,4 , 34
Jordan,0 ,0 , 0,0 ,0 , 0,0 ,0 , 0,0 ,0 , 0,0 ,0 , 0,0 ,0 , 0,0 ,0 , 0,0 ,0 , 0,0 ,0 , 0,0 ,0 , 0,0 ,0 , 0,0 ,0 , 1,0 ,0 , 0,0 ,0 , 0,0 ,0 , 0,0 ,0 , 0,0 ,0 , 1,0 ,0 , 0,1 ,0 , 2
Kazakhstan,5 ,0 , 14,11 ,2 , 26,9 ,2 , 21,9 ,1 , 27,17 ,4 , 41,11 ,3 , 24,14 ,6 , 24,20 ,8 , 39,29 ,16 , 44,22 ,8 , 42,31 ,13 , 57,34 ,14 , 64,68 ,43 , 98,36 ,15 , 66,57 ,28 , 97,30 ,13 , 54,77 ,43 , 120,34 ,12 , 68,48 ,14 , 100
Kenya,46 000 ,24 000 , 73 000,51 000 ,27 000 , 83 000,45 000 ,21 000 , 77 000,54 000 ,26 000 , 93 000,57 000 ,27 000 , 98 000,57 000 ,27 000 , 99 000,60 000 ,36 000 , 89 000,54 000 ,33 000 , 80 000,47 000 ,29 000 , 71 000,48 000 ,29 000 , 71 000,43 000 ,26 000 , 64 000,40 000 ,24 000 , 60 000,37 000 ,22 000 , 55 000,35 000 ,21 000 , 52 000,32 000 ,19 000 , 48 000,28 000 ,17 000 , 42 000,25 000 ,15 000 , 37 000,19 000 ,11 000 , 28 000,13 000 ,8100 , 20 000
Kiribati,0 ,0 , 0,0 ,0 , 0,0 ,0 , 0,0 ,0 , 0,0 ,0 , 0,0 ,0 , 0,0 ,0 , 0,0 ,0 , 0,0 ,0 , 0,1 ,1 , 1,1 ,0 , 1,0 ,0 , 1,0 ,0 , 0,0 ,0 , 1,0 ,0 , 0,0 ,0 , 0,0 ,0 , 0,0 ,0 , 0,0 ,0 , 0
Kuwait,1 ,0 , 2,0 ,0 , 1,1 ,0 , 2,1 ,0 , 2,0 ,0 , 1,1 ,0 , 2,0 ,0 , 1,0 ,0 , 1,0 ,0 , 1,2 ,1 , 4,2 ,1 , 4,4 ,3 , 5,4 ,3 , 5,1 ,0 , 1,1 ,0 , 1,1 ,0 , 1,1 ,0 , 2,1 ,0 , 2,1 ,0 , 1
Kyrgyzstan,8 ,2 , 17,10 ,3 , 21,6 ,2 , 14,8 ,2 , 17,9 ,3 , 20,11 ,3 , 24,12 ,3 , 27,17 ,5 , 36,25 ,17 , 35,17 ,11 , 23,25 ,7 , 54,28 ,19 , 40,25 ,17 , 34,48 ,14 , 100,39 ,28 , 51,39 ,27 , 54,45 ,32 , 60,47 ,34 , 62,35 ,25 , 47
Lao People's Democratic Republic,210 ,55 , 460,270 ,74 , 600,200 ,53 , 440,260 ,70 , 570,280 ,77 , 630,300 ,83 , 660,310 ,84 , 670,370 ,100 , 810,350 ,96 , 760,370 ,100 , 810,370 ,100 , 810,400 ,110 , 860,390 ,110 , 850,360 ,100 , 780,510 ,310 , 750,490 ,300 , 720,350 ,220 , 510,300 ,190 , 440,270 ,170 , 390
Latvia,41 ,13 , 86,40 ,13 , 83,38 ,12 , 79,39 ,13 , 81,8 ,4 , 12,11 ,6 , 16,10 ,6 , 14,12 ,8 , 17,16 ,11 , 22,16 ,11 , 22,16 ,11 , 22,16 ,11 , 21,25 ,18 , 33,10 ,3 , 21,28 ,20 , 38,22 ,16 , 30,14 ,9 , 19,11 ,7 , 16,5 ,2 , 11
Lebanon,1 ,0 , 2,1 ,0 , 2,0 ,0 , 1,0 ,0 , 1,1 ,0 , 1,1 ,0 , 1,1 ,0 , 1,1 ,0 , 2,1 ,0 , 2,1 ,0 , 2,1 ,0 , 2,1 ,0 , 2,1 ,0 , 2,1 ,0 , 3,3 ,2 , 4,2 ,1 , 2,1 ,0 , 2,1 ,0 , 2,1 ,0 , 3
Lesotho,6100 ,3500 , 9500,8500 ,4800 , 13 000,7900 ,4500 , 12 000,7200 ,4100 , 11 000,8300 ,4700 , 13 000,8800 ,5000 , 14 000,8000 ,4600 , 12 000,7300 ,4200 , 11 000,8100 ,5200 , 12 000,7500 ,4800 , 11 000,7100 ,4600 , 10 000,6300 ,4000 , 9000,5900 ,3800 , 8400,5700 ,3600 , 8200,5300 ,3400 , 7600,5200 ,3300 , 7600,4700 ,3000 , 6800,4100 ,2600 , 5900,3300 ,2100 , 4700
Liberia,1600 ,650 , 3000,1600 ,660 , 3000,890 ,320 , 1700,1200 ,430 , 2300,900 ,330 , 1700,1100 ,410 , 2200,990 ,350 , 1900,1100 ,420 , 2200,1100 ,400 , 2200,1000 ,380 , 2100,1000 ,370 , 2000,970 ,360 , 1900,1000 ,370 , 2000,1100 ,400 , 2200,1400 ,490 , 2900,870 ,550 , 1300,950 ,610 , 1400,910 ,580 , 1300,1000 ,670 , 1500
Libya,5 ,1 , 11,5 ,1 , 11,3 ,1 , 6,3 ,1 , 7,7 ,2 , 15,4 ,1 , 9,6 ,2 , 13,7 ,2 , 16,10 ,3 , 22,10 ,3 , 23,18 ,5 , 38,73 ,44 , 110,60 ,37 , 90,39 ,22 , 61,54 ,31 , 85,28 ,14 , 49,27 ,13 , 45,27 ,14 , 45,9 ,5 , 16
Lithuania,15 ,4 , 32,18 ,5 , 38,18 ,5 , 38,21 ,6 , 46,1 ,0 , 2,11 ,3 , 24,11 ,3 , 24,8 ,2 , 18,9 ,2 , 18,43 ,0 , 210,9 ,3 , 20,9 ,3 , 19,7 ,4 , 11,9 ,6 , 14,8 ,5 , 13,9 ,5 , 14,8 ,4 , 12,8 ,4 , 12,6 ,3 , 9
Luxembourg,1 ,0 , 1,0 ,0 , 1,1 ,0 , 1,1 ,0 , 2,0 ,0 , 0,0 ,0 , 1,0 ,0 , 1,0 ,0 , 1,0 ,0 , 0,0 ,0 , 0,0 ,0 , 1,0 ,0 , 0,1 ,0 , 1,0 ,0 , 1,0 ,0 , 0,0 ,0 , 0,0 ,0 , 1,0 ,0 , 1,0 ,0 , 1
Madagascar,220 ,0 , 1500,270 ,0 , 1600,560 ,140 , 1300,620 ,160 , 1400,630 ,170 , 1400,670 ,180 , 1500,610 ,170 , 1300,720 ,200 , 1600,670 ,180 , 1500,680 ,190 , 1500,54 ,31 , 83,380 ,230 , 560,780 ,210 , 1700,550 ,330 , 820,540 ,330 , 810,720 ,190 , 1600,800 ,220 , 1800,770 ,200 , 1700,380 ,240 , 540
Malawi,13 000 ,7000 , 20 000,13 000 ,7200 , 21 000,12 000 ,6300 , 20 000,12 000 ,6200 , 19 000,13 000 ,6700 , 20 000,14 000 ,7200 , 22 000,15 000 ,9500 , 23 000,15 000 ,9300 , 22 000,14 000 ,7900 , 21 000,14 000 ,8400 , 20 000,16 000 ,8700 , 25 000,12 000 ,7100 , 17 000,9700 ,6000 , 14 000,9300 ,5700 , 14 000,8700 ,5300 , 13 000,8200 ,5000 , 12 000,7800 ,4700 , 12 000,6800 ,4100 , 10 000,7000 ,4300 , 10 000
Malaysia,240 ,72 , 500,240 ,72 , 500,140 ,41 , 310,230 ,150 , 330,170 ,51 , 370,340 ,230 , 490,310 ,210 , 440,260 ,79 , 540,400 ,300 , 510,380 ,270 , 510,340 ,250 , 450,340 ,250 , 440,260 ,190 , 340,340 ,250 , 450,320 ,240 , 420,230 ,170 , 290,320 ,230 , 410,300 ,220 , 390,320 ,240 , 420
Maldives,0 ,0 , 0,0 ,0 , 0,0 ,0 , 0,0 ,0 , 0,0 ,0 , 0,0 ,0 , 0,0 ,0 , 0,0 ,0 , 0,0 ,0 , 0,0 ,0 , 0,0 ,0 , 0,0 ,0 , 0,0 ,0 , 0,0 ,0 , 0,0 ,0 , 0,0 ,0 , 0,0 ,0 , 1,0 ,0 , 0,0 ,0 , 1
Mali,1000 ,390 , 2000,1000 ,370 , 1900,670 ,220 , 1400,720 ,240 , 1500,720 ,240 , 1500,700 ,230 , 1400,650 ,210 , 1300,560 ,220 , 1000,570 ,190 , 1200,430 ,170 , 800,590 ,360 , 890,760 ,260 , 1500,260 ,160 , 390,700 ,240 , 1400,630 ,210 , 1300,510 ,170 , 1000,520 ,170 , 1100,360 ,230 , 510,310 ,200 , 440
Malta,0 ,0 , 0,0 ,0 , 0,0 ,0 , 0,0 ,0 , 0,0 ,0 , 1,0 ,0 , 0,0 ,0 , 0,0 ,0 , 0,1 ,1 , 1,1 ,1 , 1,0 ,0 , 1,1 ,0 , 2,1 ,0 , 2,0 ,0 , 0,1 ,0 , 3,1 ,0 , 2,2 ,1 , 3,0 ,0 , 0,1 ,1 , 3
Marshall Islands,0 ,0 , 0,0 ,0 , 0,0 ,0 , 0,0 ,0 , 0,0 ,0 , 0,0 ,0 , 0,0 ,0 , 0,0 ,0 , 0,0 ,0 , 0,1 ,0 , 2,0 ,0 , 0,0 ,0 , 0,0 ,0 , 0,0 ,0 , 1,0 ,0 , 0,0 ,0 , 0,0 ,0 , 0,0 ,0 , 0,0 ,0 , 0
Mauritania,110 ,3 , 420,250 ,74 , 540,150 ,43 , 330,140 ,83 , 210,140 ,40 , 290,180 ,51 , 390,140 ,40 , 300,130 ,39 , 290,100 ,63 , 160,120 ,34 , 260,120 ,33 , 250,140 ,40 , 310,98 ,28 , 210,97 ,27 , 210,77 ,21 , 170,73 ,20 , 160,61 ,17 , 130,48 ,13 , 110,46 ,13 , 100
Mauritius,4 ,1 , 10,4 ,1 , 9,3 ,1 , 7,1 ,0 , 2,1 ,0 , 2,1 ,0 , 2,2 ,0 , 3,2 ,1 , 4,3 ,2 , 4,2 ,1 , 3,2 ,1 , 3,2 ,1 , 3,3 ,2 , 4,6 ,4 , 8,4 ,2 , 5,4 ,2 , 5,4 ,2 , 7,6 ,3 , 9,8 ,5 , 12
Mexico,240 ,63 , 530,250 ,67 , 550,140 ,39 , 320,190 ,53 , 410,140 ,40 , 310,180 ,51 , 390,180 ,50 , 380,210 ,62 , 460,220 ,67 , 470,260 ,170 , 370,270 ,180 , 390,280 ,85 , 580,470 ,340 , 610,430 ,310 , 560,400 ,290 , 520,640 ,460 , 860,730 ,520 , 980,760 ,560 , 990,590 ,430 , 780
Micronesia (Federated States of),0 ,0 , 0,0 ,0 , 0,0 ,0 , 0,0 ,0 , 0,0 ,0 , 0,0 ,0 , 0,0 ,0 , 0,0 ,0 , 0,0 ,0 , 0,0 ,0 , 0,0 ,0 , 0,0 ,0 , 1,0 ,0 , 0,0 ,0 , 0,0 ,0 , 1,0 ,0 , 1,0 ,0 , 1,0 ,0 , 1,0 ,0 , 0
Monaco,0 ,0 , 0,0 ,0 , 0,0 ,0 , 0,0 ,0 , 0,0 ,0 , 0,0 ,0 , 0,0 ,0 , 0,0 ,0 , 0,0 ,0 , 0,0 ,0 , 0,0 ,0 , 0,0 ,0 , 0,0 ,0 , 0,0 ,0 , 0,0 ,0 , 0,0 ,0 , 0,0 ,0 , 0,0 ,0 , 0,0 ,0 , 0
Mongolia,1 ,0 , 6,1 ,0 , 5,1 ,0 , 9,1 ,0 , 11,2 ,0 , 16,2 ,0 , 23,3 ,0 , 25,4 ,1 , 10,9 ,4 , 14,0 ,0 , 2,3 ,0 , 10,5 ,1 , 15,8 ,1 , 19,9 ,2 , 21,15 ,5 , 32,11 ,3 , 24,17 ,5 , 35,14 ,4 , 30,9 ,1 , 22
Montenegro,,,,,,,,,,,,,,,,0 ,0 , 0,0 ,0 , 0,0 ,0 , 0,0 ,0 , 0,0 ,0 , 0,0 ,0 , 1,0 ,0 , 0,0 ,0 , 0,0 ,0 , 1,0 ,0 , 0,0 ,0 , 1,0 ,0 , 0,0 ,0 , 0,0 ,0 , 1
Morocco,82 ,23 , 180,86 ,24 , 190,56 ,15 , 120,60 ,16 , 130,62 ,17 , 140,67 ,18 , 150,68 ,18 , 150,26 ,17 , 37,22 ,14 , 31,22 ,14 , 31,100 ,52 , 160,100 ,29 , 230,32 ,20 , 48,100 ,28 , 230,87 ,24 , 190,85 ,24 , 180,93 ,26 , 200,83 ,23 , 180,82 ,23 , 180
Mozambique,36 000 ,19 000 , 58 000,38 000 ,21 000 , 61 000,32 000 ,16 000 , 54 000,35 000 ,18 000 , 57 000,36 000 ,18 000 , 59 000,37 000 ,19 000 , 61 000,38 000 ,20 000 , 62 000,30 000 ,19 000 , 44 000,39 000 ,25 000 , 57 000,44 000 ,28 000 , 64 000,42 000 ,27 000 , 61 000,45 000 ,28 000 , 65 000,43 000 ,27 000 , 62 000,39 000 ,24 000 , 56 000,38 000 ,24 000 , 55 000,38 000 ,24 000 , 56 000,30 000 ,19 000 , 44 000,25 000 ,16 000 , 36 000,22 000 ,14 000 , 31 000
Myanmar,2900 ,0 , 30 000,3400 ,0 , 33 000,3900 ,0 , 24 000,4400 ,0 , 26 000,4900 ,3 , 25 000,5300 ,12 , 25 000,5600 ,940 , 14 000,5600 ,1100 , 14 000,5500 ,900 , 14 000,5400 ,930 , 14 000,11 000 ,6200 , 17 000,9400 ,5600 , 14 000,8100 ,4700 , 12 000,7400 ,4300 , 11 000,7900 ,2400 , 17 000,5700 ,3700 , 8100,5400 ,3500 , 7700,4800 ,3200 , 6800,3700 ,2500 , 5200
Namibia,4500 ,2900 , 6600,4800 ,3000 , 6900,5000 ,2900 , 7600,5300 ,3200 , 7900,5400 ,3200 , 8100,5600 ,3300 , 8300,5500 ,3300 , 8200,2700 ,870 , 5700,2200 ,820 , 4200,1900 ,640 , 3800,1700 ,730 , 3200,3000 ,2100 , 4100,2700 ,1900 , 3700,2500 ,1700 , 3400,2400 ,1700 , 3300,1900 ,1300 , 2500,1800 ,1200 , 2500,1600 ,1100 , 2200,1500 ,1100 , 2100
Nauru,0 ,0 , 0,0 ,0 , 0,0 ,0 , 0,0 ,0 , 0,0 ,0 , 0,0 ,0 , 0,0 ,0 , 0,0 ,0 , 0,0 ,0 , 0,0 ,0 , 0,0 ,0 , 0,0 ,0 , 0,0 ,0 , 0,0 ,0 , 0,0 ,0 , 0,0 ,0 , 0,0 ,0 , 0,0 ,0 , 0,0 ,0 , 0
Nepal,270 ,83 , 560,330 ,100 , 690,220 ,69 , 470,240 ,73 , 500,290 ,91 , 610,290 ,91 , 620,330 ,100 , 680,260 ,190 , 350,380 ,120 , 780,340 ,110 , 720,170 ,120 , 230,370 ,110 , 770,350 ,110 , 740,350 ,110 , 740,270 ,83 , 570,290 ,89 , 610,120 ,84 , 150,120 ,87 , 160,93 ,71 , 120
Netherlands,20 ,6 , 41,21 ,6 , 44,21 ,6 , 44,22 ,7 , 46,8 ,5 , 12,12 ,3 , 25,9 ,3 , 19,7 ,2 , 14,7 ,2 , 15,8 ,5 , 12,9 ,3 , 20,8 ,2 , 18,9 ,3 , 19,6 ,2 , 12,6 ,2 , 12,5 ,2 , 12,6 ,3 , 9,6 ,4 , 10,6 ,4 , 9
New Zealand,3 ,1 , 6,3 ,1 , 6,2 ,1 , 5,3 ,1 , 7,2 ,0 , 3,2 ,0 , 4,1 ,0 , 3,1 ,0 , 2,1 ,0 , 2,1 ,0 , 2,1 ,0 , 2,1 ,0 , 3,1 ,0 , 3,0 ,0 , 0,0 ,0 , 1,0 ,0 , 1,0 ,0 , 1,0 ,0 , 1,1 ,0 , 2
Nicaragua,20 ,5 , 44,23 ,6 , 52,13 ,3 , 29,17 ,5 , 38,18 ,5 , 40,17 ,5 , 36,18 ,5 , 39,25 ,7 , 54,24 ,7 , 52,24 ,7 , 52,27 ,8 , 57,34 ,10 , 74,33 ,10 , 71,31 ,9 , 66,27 ,8 , 58,32 ,21 , 45,28 ,19 , 40,29 ,20 , 40,30 ,20 , 41
Niger,1600 ,480 , 3400,1500 ,460 , 3200,900 ,260 , 2000,850 ,250 , 1800,830 ,240 , 1800,730 ,210 , 1600,640 ,190 , 1400,650 ,190 , 1400,910 ,550 , 1400,840 ,520 , 1200,830 ,510 , 1200,500 ,140 , 1100,450 ,130 , 970,400 ,120 , 870,500 ,320 , 710,410 ,260 , 590,400 ,250 , 580,330 ,210 , 480,310 ,200 , 450
Nigeria,55 000 ,20 000 , 109 000,53 000 ,19 000 , 104 000,38 000 ,12 000 , 79 000,42 000 ,14 000 , 85 000,41 000 ,13 000 , 84 000,41 000 ,14 000 , 85 000,41 000 ,13 000 , 83 000,45 000 ,15 000 , 91 000,54 000 ,34 000 , 78 000,52 000 ,32 000 , 75 000,52 000 ,33 000 , 76 000,56 000 ,35 000 , 82 000,52 000 ,32 000 , 75 000,50 000 ,31 000 , 73 000,46 000 ,29 000 , 67 000,42 000 ,26 000 , 62 000,39 000 ,24 000 , 57 000,35 000 ,22 000 , 51 000,32 000 ,20 000 , 47 000
Norway,2 ,1 , 5,3 ,1 , 5,2 ,1 , 5,4 ,1 , 8,2 ,0 , 4,2 ,1 , 4,2 ,1 , 4,1 ,0 , 3,2 ,0 , 3,2 ,1 , 4,2 ,1 , 4,2 ,1 , 4,2 ,1 , 5,2 ,1 , 4,2 ,0 , 3,1 ,0 , 3,2 ,1 , 4,2 ,0 , 3,1 ,0 , 3
Oman,4 ,1 , 9,3 ,1 , 7,3 ,1 , 7,3 ,2 , 5,2 ,1 , 3,2 ,1 , 3,2 ,1 , 3,2 ,1 , 4,1 ,1 , 3,1 ,0 , 2,1 ,0 , 2,1 ,0 , 3,2 ,1 , 4,1 ,0 , 2,1 ,0 , 2,1 ,0 , 2,2 ,1 , 4,1 ,0 , 2,1 ,0 , 2
Pakistan,7 ,0 , 64,9 ,0 , 85,11 ,0 , 68,12 ,0 , 96,18 ,0 , 190,54 ,0 , 620,130 ,0 , 1300,220 ,0 , 2000,320 ,0 , 2500,480 ,0 , 3200,610 ,370 , 910,960 ,0 , 5400,1300 ,3 , 6200,1600 ,29 , 6300,3200 ,880 , 7000,980 ,610 , 1400,970 ,630 , 1400,850 ,550 , 1200,1300 ,830 , 1800
Palau,0 ,0 , 0,0 ,0 , 0,0 ,0 , 0,0 ,0 , 0,0 ,0 , 0,0 ,0 , 0,0 ,0 , 0,0 ,0 , 0,0 ,0 , 0,0 ,0 , 0,0 ,0 , 0,0 ,0 , 1,0 ,0 , 0,0 ,0 , 1,0 ,0 , 0,0 ,0 , 0,0 ,0 , 0,0 ,0 , 0,0 ,0 , 0
Panama,97 ,40 , 180,140 ,55 , 250,130 ,52 , 230,140 ,58 , 250,86 ,31 , 170,59 ,41 , 79,67 ,47 , 89,71 ,50 , 95,82 ,58 , 110,58 ,41 , 77,62 ,43 , 84,63 ,44 , 87,60 ,43 , 80,56 ,37 , 77,30 ,20 , 43,62 ,43 , 83,73 ,50 , 99,98 ,68 , 130,82 ,56 , 110
Papua New Guinea,390 ,0 , 2500,500 ,0 , 2600,610 ,13 , 2300,740 ,23 , 2600,1700 ,540 , 3600,1800 ,580 , 3800,1800 ,580 , 3800,880 ,29 , 3100,510 ,300 , 770,670 ,0 , 3400,690 ,2 , 3200,700 ,1 , 3500,680 ,10 , 2700,610 ,14 , 2300,470 ,15 , 1700,350 ,1 , 1600,300 ,0 , 1600,270 ,0 , 1700,250 ,100 , 450
Paraguay,33 ,8 , 75,38 ,10 , 85,26 ,7 , 57,32 ,9 , 71,33 ,9 , 73,31 ,9 , 68,35 ,10 , 75,8 ,5 , 12,38 ,11 , 80,40 ,12 , 85,8 ,5 , 12,53 ,38 , 70,36 ,26 , 48,43 ,31 , 57,42 ,30 , 56,39 ,28 , 52,44 ,31 , 59,40 ,28 , 54,42 ,29 , 56
Peru,970 ,290 , 2100,910 ,270 , 1900,520 ,150 , 1100,510 ,140 , 1100,520 ,150 , 1100,520 ,150 , 1100,520 ,140 , 1100,620 ,180 , 1300,570 ,160 , 1200,130 ,90 , 180,170 ,120 , 240,640 ,190 , 1400,590 ,170 , 1300,490 ,360 , 640,480 ,350 , 630,490 ,360 , 640,460 ,340 , 610,380 ,280 , 500,510 ,380 , 670
Philippines,20 ,0 , 180,26 ,0 , 240,33 ,0 , 190,43 ,0 , 260,53 ,0 , 330,65 ,0 , 420,71 ,0 , 500,76 ,0 , 710,93 ,0 , 870,120 ,0 , 1200,160 ,0 , 1600,210 ,0 , 2100,230 ,0 , 2400,270 ,0 , 2700,330 ,0 , 3100,390 ,0 , 3400,440 ,0 , 3600,520 ,0 , 4100,600 ,0 , 4200
Poland,54 ,26 , 93,48 ,23 , 83,50 ,24 , 86,56 ,27 , 96,24 ,11 , 41,27 ,13 , 47,23 ,11 , 39,18 ,8 , 31,17 ,8 , 29,18 ,8 , 30,20 ,9 , 34,21 ,10 , 36,21 ,10 , 37,15 ,7 , 26,15 ,7 , 25,13 ,6 , 23,20 ,10 , 35,17 ,8 , 30,12 ,5 , 20
Portugal,220 ,83 , 410,210 ,77 , 400,210 ,79 , 400,200 ,77 , 380,160 ,100 , 230,130 ,88 , 190,110 ,71 , 150,110 ,74 , 150,73 ,47 , 100,80 ,56 , 110,56 ,37 , 79,64 ,41 , 91,58 ,37 , 82,51 ,33 , 73,59 ,38 , 85,52 ,34 , 74,44 ,28 , 63,36 ,23 , 51,33 ,10 , 70
Qatar,1 ,0 , 1,1 ,0 , 1,1 ,0 , 1,0 ,0 , 0,0 ,0 , 1,0 ,0 , 0,0 ,0 , 0,0 ,0 , 0,0 ,0 , 0,0 ,0 , 0,0 ,0 , 1,0 ,0 , 0,0 ,0 , 1,0 ,0 , 1,0 ,0 , 0,0 ,0 , 1,0 ,0 , 1,0 ,0 , 1,0 ,0 , 1
Republic of Korea,26 ,11 , 49,21 ,1 , 65,24 ,2 , 69,27 ,2 , 85,29 ,12 , 55,47 ,19 , 87,42 ,17 , 78,35 ,14 , 65,37 ,15 , 69,42 ,17 , 79,55 ,22 , 100,58 ,23 , 110,65 ,26 , 120,44 ,18 , 83,46 ,19 , 86,41 ,16 , 76,62 ,25 , 110,53 ,21 , 99,35 ,14 , 65
Republic of Moldova,54 ,16 , 110,70 ,21 , 150,46 ,13 , 99,60 ,18 , 130,70 ,21 , 150,1 ,0 , 3,80 ,24 , 170,37 ,26 , 51,45 ,32 , 60,47 ,32 , 65,49 ,35 , 64,50 ,34 , 69,56 ,40 , 74,52 ,38 , 69,60 ,44 , 79,60 ,44 , 79,59 ,43 , 78,52 ,38 , 69,49 ,36 , 65
Romania,67 ,19 , 150,77 ,22 , 170,51 ,14 , 110,62 ,17 , 140,65 ,18 , 140,64 ,18 , 140,63 ,17 , 140,72 ,20 , 160,130 ,78 , 190,76 ,23 , 160,120 ,81 , 160,77 ,23 , 160,75 ,23 , 160,79 ,58 , 100,80 ,58 , 110,68 ,49 , 91,61 ,43 , 81,49 ,35 , 65,52 ,37 , 70
Russian Federation,290 ,29 , 840,360 ,49 , 980,230 ,29 , 650,270 ,27 , 790,420 ,76 , 1100,360 ,37 , 1000,600 ,130 , 1400,570 ,72 , 1600,710 ,290 , 1300,920 ,370 , 1700,900 ,200 , 2100,1000 ,190 , 2600,1100 ,220 , 2700,830 ,94 , 2300,800 ,91 , 2200,790 ,91 , 2200,1500 ,650 , 2700,1400 ,650 , 2400,1300 ,570 , 2200
Rwanda,940 ,510 , 1500,830 ,440 , 1300,670 ,310 , 1200,800 ,370 , 1400,740 ,340 , 1300,940 ,670 , 1300,920 ,670 , 1200,810 ,590 , 1100,710 ,520 , 930,680 ,500 , 890,610 ,430 , 810,490 ,350 , 650,450 ,320 , 610,370 ,260 , 490,380 ,270 , 510,390 ,280 , 520,330 ,230 , 430,320 ,220 , 430,310 ,220 , 420
Saint Kitts and Nevis,0 ,0 , 0,0 ,0 , 0,0 ,0 , 0,0 ,0 , 0,0 ,0 , 0,0 ,0 , 0,0 ,0 , 0,0 ,0 , 0,0 ,0 , 0,0 ,0 , 0,0 ,0 , 0,0 ,0 , 0,0 ,0 , 0,0 ,0 , 0,0 ,0 , 0,0 ,0 , 0,0 ,0 , 0,0 ,0 , 0,0 ,0 , 0
Saint Lucia,0 ,0 , 0,0 ,0 , 0,0 ,0 , 0,0 ,0 , 0,0 ,0 , 0,0 ,0 , 0,0 ,0 , 0,0 ,0 , 1,1 ,0 , 2,1 ,0 , 2,0 ,0 , 0,0 ,0 , 1,0 ,0 , 1,0 ,0 , 0,0 ,0 , 1,0 ,0 , 1,0 ,0 , 1,0 ,0 , 0,0 ,0 , 1
Saint Vincent and the Grenadines,0 ,0 , 0,0 ,0 , 0,0 ,0 , 0,0 ,0 , 0,0 ,0 , 1,0 ,0 , 1,1 ,0 , 1,1 ,1 , 2,1 ,0 , 2,1 ,1 , 2,0 ,0 , 0,1 ,1 , 2,0 ,0 , 0,0 ,0 , 0,0 ,0 , 0,0 ,0 , 1,0 ,0 , 0,0 ,0 , 0,0 ,0 , 0
Samoa,0 ,0 , 0,0 ,0 , 0,0 ,0 , 0,0 ,0 , 0,0 ,0 , 0,0 ,0 , 0,0 ,0 , 0,0 ,0 , 0,0 ,0 , 0,0 ,0 , 0,0 ,0 , 0,0 ,0 , 0,0 ,0 , 0,0 ,0 , 0,0 ,0 , 0,0 ,0 , 0,0 ,0 , 0,0 ,0 , 0,0 ,0 , 0
San Marino,0 ,0 , 0,0 ,0 , 0,0 ,0 , 0,0 ,0 , 0,0 ,0 , 0,0 ,0 , 0,0 ,0 , 0,0 ,0 , 0,0 ,0 , 0,0 ,0 , 0,0 ,0 , 0,0 ,0 , 0,0 ,0 , 0,0 ,0 , 0,0 ,0 , 0,0 ,0 , 0,0 ,0 , 0,0 ,0 , 0,0 ,0 , 0
Sao Tome and Principe,0 ,0 , 0,0 ,0 , 0,0 ,0 , 0,2 ,0 , 4,0 ,0 , 0,3 ,0 , 8,0 ,0 , 0,5 ,2 , 10,4 ,2 , 7,7 ,2 , 14,9 ,3 , 19,9 ,3 , 19,11 ,3 , 22,19 ,7 , 38,18 ,7 , 35,16 ,6 , 31,24 ,9 , 46,14 ,5 , 27,14 ,5 , 28
Saudi Arabia,8 ,2 , 18,8 ,2 , 18,9 ,3 , 20,11 ,3 , 23,6 ,2 , 12,7 ,2 , 16,7 ,2 , 16,6 ,2 , 13,7 ,2 , 15,7 ,2 , 15,19 ,12 , 27,15 ,9 , 23,15 ,9 , 22,6 ,2 , 13,6 ,2 , 13,5 ,2 , 12,13 ,9 , 18,20 ,14 , 28,8 ,5 , 12
Senegal,720 ,230 , 1500,770 ,250 , 1600,510 ,160 , 1100,520 ,170 , 1100,560 ,180 , 1200,530 ,170 , 1100,500 ,160 , 1000,570 ,180 , 1200,490 ,160 , 1000,500 ,160 , 1000,520 ,360 , 700,550 ,390 , 750,420 ,300 , 570,350 ,250 , 480,320 ,220 , 430,310 ,220 , 430,310 ,220 , 430,300 ,210 , 420,250 ,170 , 340
Serbia,,,,,,,,,,,,,,,,1 ,0 , 1,1 ,0 , 1,1 ,1 , 2,1 ,1 , 2,1 ,1 , 2,1 ,1 , 2,1 ,1 , 2,1 ,1 , 2,1 ,1 , 2,1 ,1 , 2,1 ,1 , 2,1 ,0 , 1,1 ,0 , 1,1 ,0 , 1
Seychelles,0 ,0 , 0,0 ,0 , 0,0 ,0 , 0,0 ,0 , 0,0 ,0 , 0,0 ,0 , 0,0 ,0 , 0,0 ,0 , 0,0 ,0 , 0,2 ,1 , 3,0 ,0 , 1,1 ,0 , 2,1 ,0 , 1,0 ,0 , 1,0 ,0 , 1,0 ,0 , 0,0 ,0 , 1,0 ,0 , 0,0 ,0 , 1
Sierra Leone,2100 ,740 , 4200,2100 ,750 , 4200,1500 ,490 , 3200,1700 ,570 , 3600,1800 ,600 , 3700,1000 ,600 , 1500,1700 ,570 , 3500,910 ,550 , 1400,850 ,510 , 1300,870 ,560 , 1200,700 ,490 , 930,650 ,450 , 880,830 ,580 , 1100,1000 ,670 , 1500,960 ,620 , 1400,1200 ,760 , 1700,1000 ,660 , 1500,760 ,480 , 1100,700 ,440 , 1000
Singapore,28 ,8 , 58,23 ,7 , 48,23 ,7 , 48,26 ,8 , 55,12 ,4 , 26,14 ,4 , 31,12 ,3 , 26,10 ,3 , 22,12 ,3 , 26,13 ,8 , 19,12 ,7 , 18,13 ,8 , 20,10 ,6 , 15,11 ,6 , 16,11 ,6 , 16,7 ,4 , 11,7 ,4 , 11,6 ,3 , 10,5 ,3 , 9
Slovakia,0 ,0 , 1,0 ,0 , 1,1 ,0 , 1,1 ,0 , 2,0 ,0 , 0,0 ,0 , 1,0 ,0 , 0,0 ,0 , 0,0 ,0 , 0,0 ,0 , 1,0 ,0 , 1,0 ,0 , 0,0 ,0 , 0,0 ,0 , 0,0 ,0 , 0,0 ,0 , 1,0 ,0 , 1,0 ,0 , 0,0 ,0 , 1
Slovenia,1 ,0 , 2,1 ,0 , 2,1 ,0 , 2,1 ,0 , 2,0 ,0 , 1,1 ,0 , 1,0 ,0 , 1,0 ,0 , 1,0 ,0 , 0,0 ,0 , 0,0 ,0 , 1,0 ,0 , 0,0 ,0 , 0,0 ,0 , 1,0 ,0 , 0,0 ,0 , 0,0 ,0 , 1,0 ,0 , 1,0 ,0 , 0
Solomon Islands,0 ,0 , 0,0 ,0 , 0,0 ,0 , 0,0 ,0 , 0,0 ,0 , 0,0 ,0 , 0,0 ,0 , 0,0 ,0 , 0,0 ,0 , 0,0 ,0 , 0,0 ,0 , 0,0 ,0 , 0,0 ,0 , 0,0 ,0 , 0,0 ,0 , 0,0 ,0 , 0,0 ,0 , 0,0 ,0 , 0,0 ,0 , 0
Somalia,410 ,1 , 2000,470 ,3 , 2000,740 ,200 , 1600,800 ,220 , 1700,750 ,210 , 1600,740 ,210 , 1600,770 ,220 , 1700,910 ,260 , 2000,780 ,220 , 1700,820 ,230 , 1800,610 ,360 , 930,820 ,230 , 1800,620 ,370 , 940,660 ,180 , 1500,540 ,140 , 1200,330 ,210 , 490,300 ,190 , 450,200 ,120 , 300,230 ,140 , 340
South Africa,72 000 ,42 000 , 109 000,99 000 ,58 000 , 150 000,76 000 ,43 000 , 120 000,96 000 ,55 000 , 148 000,97 000 ,56 000 , 148 000,102 000 ,56 000 , 161 000,99 000 ,55 000 , 155 000,101 000 ,56 000 , 157 000,94 000 ,59 000 , 139 000,88 000 ,55 000 , 128 000,88 000 ,55 000 , 129 000,78 000 ,58 000 , 101 000,89 000 ,63 000 , 120 000,83 000 ,58 000 , 111 000,80 000 ,56 000 , 108 000,70 000 ,49 000 , 94 000,60 000 ,42 000 , 82 000,57 000 ,39 000 , 77 000,42 000 ,30 000 , 57 000
South Sudan,,,,,,,,,,,,,,,,,,,,,,,,,,,,,,,,,,910 ,390 , 1600,1900 ,720 , 3500,1100 ,680 , 1600,790 ,500 , 1100,620 ,400 , 890,580 ,380 , 820,630 ,410 , 910,250 ,150 , 380
Spain,330 ,120 , 640,260 ,90 , 510,280 ,97 , 550,400 ,140 , 780,130 ,42 , 280,180 ,59 , 380,170 ,54 , 350,130 ,39 , 270,140 ,41 , 280,120 ,38 , 260,110 ,74 , 160,100 ,67 , 150,88 ,57 , 130,62 ,40 , 89,62 ,40 , 89,56 ,17 , 120,94 ,29 , 200,80 ,25 , 170,48 ,14 , 100
Sri Lanka,17 ,5 , 38,24 ,6 , 53,12 ,3 , 26,14 ,4 , 31,18 ,5 , 39,18 ,5 , 39,8 ,5 , 11,8 ,5 , 11,22 ,6 , 47,23 ,6 , 49,36 ,24 , 50,23 ,7 , 48,27 ,8 , 59,24 ,7 , 51,11 ,6 , 18,13 ,7 , 20,7 ,3 , 12,17 ,10 , 26,18 ,11 , 28
Sudan,,,,,,,,,,,,,,,,,,,,,,,,,,,,,,,,,,630 ,250 , 1200,670 ,260 , 1300,620 ,230 , 1200,520 ,180 , 1000,470 ,170 , 920,380 ,140 , 760,310 ,100 , 630,300 ,93 , 630
Suriname,5 ,2 , 10,4 ,1 , 8,4 ,1 , 8,8 ,4 , 11,6 ,4 , 10,6 ,2 , 12,6 ,2 , 12,7 ,2 , 13,8 ,4 , 12,15 ,10 , 21,18 ,12 , 25,11 ,7 , 16,10 ,6 , 14,9 ,5 , 13,11 ,7 , 16,12 ,8 , 16,7 ,4 , 11,6 ,4 , 10,7 ,4 , 10
Sweden,3 ,1 , 5,2 ,1 , 4,2 ,1 , 4,3 ,1 , 5,2 ,1 , 3,3 ,1 , 4,2 ,1 , 3,2 ,1 , 3,2 ,1 , 3,2 ,1 , 4,3 ,1 , 5,3 ,1 , 4,3 ,2 , 6,2 ,1 , 4,3 ,1 , 5,3 ,1 , 5,4 ,2 , 7,3 ,1 , 5,2 ,1 , 3
Switzerland,14 ,7 , 24,12 ,6 , 21,14 ,7 , 23,14 ,7 , 24,7 ,3 , 12,8 ,4 , 13,6 ,3 , 11,4 ,2 , 7,5 ,2 , 8,5 ,3 , 9,7 ,3 , 11,6 ,3 , 11,6 ,3 , 10,5 ,2 , 8,4 ,2 , 7,5 ,2 , 8,8 ,4 , 13,7 ,3 , 11,4 ,2 , 7
Syrian Arab Republic,1 ,1 , 2,1 ,1 , 2,1 ,0 , 1,1 ,0 , 1,1 ,0 , 1,1 ,0 , 1,1 ,0 , 1,1 ,0 , 1,1 ,0 , 1,1 ,0 , 1,1 ,0 , 1,1 ,0 , 2,1 ,0 , 1,1 ,0 , 1,1 ,0 , 1,1 ,0 , 1,1 ,0 , 1,1 ,0 , 1,1 ,0 , 1
Tajikistan,16 ,0 , 150,23 ,0 , 200,34 ,0 , 150,70 ,18 , 160,65 ,1 , 250,140 ,38 , 300,150 ,41 , 320,150 ,44 , 330,130 ,39 , 280,100 ,31 , 220,96 ,29 , 200,38 ,27 , 52,27 ,18 , 38,48 ,32 , 66,49 ,34 , 67,44 ,30 , 60,52 ,35 , 71,63 ,45 , 84,76 ,54 , 100
Thailand,30 000 ,9600 , 61 000,26 000 ,8500 , 54 000,18 000 ,5000 , 38 000,18 000 ,5100 , 38 000,17 000 ,4700 , 36 000,15 000 ,4300 , 33 000,12 000 ,6000 , 20 000,12 000 ,5800 , 19 000,11 000 ,5400 , 18 000,9100 ,5000 , 14 000,7700 ,4700 , 11 000,6800 ,4200 , 10 000,6600 ,3900 , 9900,6800 ,4200 , 10 000,5600 ,3400 , 8200,5600 ,3400 , 8300,4000 ,2700 , 5600,3000 ,2200 , 3900,2300 ,1700 , 3000
The former Yugoslav Republic of Macedonia,0 ,0 , 0,0 ,0 , 0,0 ,0 , 0,0 ,0 , 0,0 ,0 , 0,0 ,0 , 0,0 ,0 , 0,0 ,0 , 0,0 ,0 , 0,0 ,0 , 0,0 ,0 , 0,0 ,0 , 0,0 ,0 , 0,0 ,0 , 0,0 ,0 , 2,0 ,0 , 0,0 ,0 , 0,0 ,0 , 0,0 ,0 , 0
Timor-Leste,,,,,,,0 ,0 , 1,0 ,0 , 1,0 ,0 , 1,1 ,0 , 4,1 ,0 , 6,2 ,0 , 12,2 ,0 , 14,5 ,1 , 11,4 ,0 , 13,4 ,0 , 20,6 ,0 , 30,1 ,0 , 1,1 ,0 , 1,3 ,0 , 19,3 ,0 , 34,4 ,0 , 21,5 ,0 , 25
Togo,430 ,190 , 760,440 ,200 , 780,340 ,130 , 650,410 ,160 , 770,430 ,170 , 790,440 ,180 , 830,440 ,180 , 820,640 ,260 , 1200,520 ,320 , 780,420 ,260 , 630,470 ,280 , 690,460 ,300 , 660,390 ,250 , 550,330 ,210 , 480,300 ,190 , 430,240 ,160 , 330,160 ,110 , 210,110 ,79 , 150,82 ,55 , 110
Tonga,0 ,0 , 0,0 ,0 , 0,0 ,0 , 0,0 ,0 , 0,0 ,0 , 0,0 ,0 , 0,0 ,0 , 0,0 ,0 , 0,0 ,0 , 0,0 ,0 , 0,0 ,0 , 0,0 ,0 , 0,0 ,0 , 0,0 ,0 , 0,0 ,0 , 0,0 ,0 , 0,0 ,0 , 0,0 ,0 , 0,0 ,0 , 0
Trinidad and Tobago,15 ,7 , 27,15 ,7 , 27,10 ,5 , 18,11 ,8 , 16,9 ,4 , 17,11 ,8 , 16,2 ,1 , 4,13 ,9 , 18,12 ,9 , 17,17 ,12 , 23,10 ,7 , 14,15 ,10 , 20,14 ,10 , 20,11 ,7 , 16,12 ,8 , 16,6 ,4 , 9,8 ,5 , 12,5 ,3 , 7,7 ,5 , 11
Tunisia,1 ,0 , 2,1 ,0 , 2,1 ,0 , 1,1 ,0 , 2,1 ,0 , 2,1 ,0 , 2,1 ,0 , 3,2 ,0 , 4,2 ,0 , 4,2 ,1 , 5,2 ,1 , 6,4 ,1 , 9,5 ,1 , 11,4 ,1 , 10,4 ,2 , 7,5 ,3 , 8,10 ,6 , 15,4 ,2 , 7,8 ,5 , 12
Turkey,2 ,1 , 5,3 ,1 , 6,2 ,1 , 4,3 ,1 , 6,3 ,1 , 7,4 ,1 , 9,6 ,2 , 12,7 ,2 , 14,7 ,2 , 15,8 ,2 , 17,10 ,3 , 22,13 ,4 , 27,14 ,4 , 29,9 ,6 , 13,12 ,8 , 17,16 ,11 , 22,15 ,10 , 21,17 ,12 , 24,18 ,12 , 25
Turkmenistan,34 ,11 , 69,44 ,16 , 88,33 ,13 , 62,56 ,23 , 100,56 ,25 , 99,65 ,31 , 110,78 ,37 , 130,130 ,63 , 210,150 ,75 , 240,130 ,63 , 210,140 ,74 , 240,150 ,75 , 240,170 ,87 , 270,180 ,91 , 290,140 ,74 , 240,120 ,63 , 210,140 ,71 , 230,110 ,55 , 190,130 ,63 , 230
Tuvalu,0 ,0 , 0,0 ,0 , 0,0 ,0 , 0,0 ,0 , 0,0 ,0 , 0,0 ,0 , 0,0 ,0 , 0,0 ,0 , 0,0 ,0 , 0,0 ,0 , 0,0 ,0 , 0,0 ,0 , 0,0 ,0 , 0,0 ,0 , 0,0 ,0 , 0,0 ,0 , 0,0 ,0 , 0,0 ,0 , 0,0 ,0 , 0
Uganda,19 000 ,8500 , 33 000,15 000 ,8100 , 25 000,11 000 ,5200 , 18 000,10 000 ,5300 , 17 000,10 000 ,5100 , 17 000,11 000 ,5500 , 19 000,11 000 ,5500 , 19 000,12 000 ,6100 , 20 000,13 000 ,8300 , 19 000,13 000 ,8100 , 19 000,13 000 ,7800 , 18 000,11 000 ,7900 , 16 000,12 000 ,7900 , 17 000,12 000 ,7600 , 16 000,12 000 ,7500 , 17 000,13 000 ,7600 , 19 000,14 000 ,7900 , 21 000,13 000 ,7400 , 19 000,11 000 ,6400 , 16 000
Ukraine,3200 ,1100 , 6600,3400 ,1100 , 6900,2200 ,700 , 4600,1000 ,220 , 2400,1700 ,540 , 3500,3100 ,1000 , 6300,2900 ,950 , 5800,1300 ,820 , 1800,1600 ,1000 , 2200,1800 ,1200 , 2600,2600 ,1700 , 3600,1700 ,1100 , 2500,930 ,600 , 1300,1700 ,1100 , 2300,2100 ,1400 , 3000,2400 ,1600 , 3300,2000 ,1300 , 2900,2200 ,1400 , 3100,2000 ,1300 , 2900
United Arab Emirates,0 ,0 , 1,0 ,0 , 1,0 ,0 , 1,0 ,0 , 1,0 ,0 , 0,0 ,0 , 0,0 ,0 , 0,0 ,0 , 0,0 ,0 , 0,0 ,0 , 0,1 ,0 , 2,1 ,0 , 2,1 ,0 , 2,1 ,0 , 1,1 ,0 , 2,0 ,0 , 1,1 ,0 , 2,1 ,0 , 2,0 ,0 , 1
United Kingdom,110 ,34 , 240,100 ,31 , 220,120 ,36 , 250,130 ,41 , 280,69 ,19 , 150,94 ,27 , 200,81 ,23 , 180,61 ,17 , 130,65 ,18 , 140,63 ,18 , 140,73 ,21 , 160,74 ,21 , 160,81 ,23 , 180,44 ,28 , 65,46 ,13 , 100,37 ,10 , 81,53 ,15 , 120,25 ,17 , 35,23 ,15 , 31
United Republic of Tanzania,53 000 ,23 000 , 96 000,52 000 ,23 000 , 94 000,42 000 ,16 000 , 80 000,45 000 ,18 000 , 84 000,47 000 ,19 000 , 88 000,49 000 ,20 000 , 91 000,49 000 ,20 000 , 92 000,54 000 ,29 000 , 87 000,53 000 ,28 000 , 86 000,51 000 ,27 000 , 84 000,40 000 ,21 000 , 64 000,39 000 ,20 000 , 64 000,36 000 ,18 000 , 60 000,30 000 ,15 000 , 52 000,29 000 ,14 000 , 50 000,28 000 ,13 000 , 48 000,25 000 ,12 000 , 42 000,21 000 ,9800 , 35 000,16 000 ,7800 , 27 000
United States,710 ,260 , 1400,650 ,230 , 1300,610 ,220 , 1200,640 ,230 , 1200,340 ,110 , 710,380 ,120 , 780,320 ,100 , 670,250 ,160 , 350,230 ,150 , 330,200 ,130 , 290,170 ,110 , 240,140 ,93 , 200,130 ,85 , 190,110 ,69 , 150,97 ,63 , 140,88 ,57 , 130,88 ,57 , 130,82 ,53 , 120,77 ,50 , 110
Uruguay,22 ,6 , 49,22 ,6 , 48,17 ,5 , 37,14 ,9 , 21,21 ,13 , 30,14 ,9 , 21,17 ,11 , 23,18 ,13 , 25,21 ,14 , 29,23 ,16 , 32,23 ,16 , 32,23 ,16 , 31,26 ,18 , 35,25 ,17 , 33,27 ,19 , 36,27 ,19 , 36,26 ,19 , 35,28 ,20 , 37,31 ,22 , 41
Uzbekistan,190 ,54 , 420,220 ,63 , 480,130 ,38 , 270,120 ,37 , 260,45 ,27 , 67,40 ,26 , 57,49 ,35 , 66,110 ,77 , 160,130 ,81 , 190,140 ,98 , 190,200 ,130 , 300,350 ,230 , 510,500 ,320 , 720,230 ,180 , 300,230 ,170 , 300,500 ,350 , 670,300 ,200 , 410,340 ,230 , 470,270 ,190 , 380
Vanuatu,0 ,0 , 0,0 ,0 , 0,0 ,0 , 0,0 ,0 , 0,0 ,0 , 0,0 ,0 , 0,0 ,0 , 0,0 ,0 , 0,0 ,0 , 0,15 ,10 , 20,19 ,13 , 27,0 ,0 , 0,0 ,0 , 0,0 ,0 , 0,0 ,0 , 0,0 ,0 , 0,0 ,0 , 0,0 ,0 , 1,0 ,0 , 1
Venezuela (Bolivarian Republic of),130 ,40 , 270,130 ,41 , 280,86 ,26 , 180,110 ,34 , 230,120 ,37 , 250,130 ,40 , 270,140 ,45 , 290,160 ,54 , 340,200 ,150 , 270,180 ,130 , 240,160 ,120 , 220,220 ,160 , 290,200 ,150 , 270,190 ,140 , 260,180 ,130 , 240,200 ,150 , 270,250 ,180 , 330,270 ,87 , 550,270 ,88 , 550
Viet Nam,3100 ,12 , 14 000,3800 ,58 , 15 000,4900 ,1200 , 11 000,5900 ,1500 , 13 000,6000 ,1600 , 13 000,6200 ,1700 , 14 000,6100 ,1600 , 13 000,4500 ,2600 , 6900,3600 ,2100 , 5600,6400 ,1800 , 14 000,6300 ,1800 , 14 000,6700 ,1900 , 14 000,5700 ,3500 , 8300,4900 ,3100 , 7200,4000 ,2500 , 5800,3100 ,1900 , 4500,2300 ,1400 , 3300,2400 ,1500 , 3500,2200 ,1400 , 3200
Yemen,16 ,5 , 35,18 ,6 , 38,13 ,4 , 26,17 ,6 , 34,18 ,7 , 35,21 ,8 , 38,22 ,9 , 40,25 ,11 , 46,23 ,10 , 42,22 ,10 , 40,21 ,9 , 37,26 ,12 , 46,21 ,9 , 36,20 ,9 , 36,26 ,11 , 46,39 ,17 , 69,33 ,14 , 60,31 ,12 , 58,35 ,14 , 67
Zambia,21 000 ,13 000 , 31 000,22 000 ,13 000 , 33 000,14 000 ,8700 , 22 000,12 000 ,7800 , 18 000,13 000 ,8200 , 19 000,14 000 ,8800 , 22 000,14 000 ,8600 , 22 000,15 000 ,8800 , 23 000,16 000 ,10 000 , 22 000,15 000 ,9600 , 21 000,14 000 ,9200 , 20 000,14 000 ,9000 , 19 000,14 000 ,9100 , 20 000,14 000 ,8900 , 19 000,13 000 ,8600 , 19 000,13 000 ,8600 , 19 000,12 000 ,7700 , 17 000,13 000 ,8200 , 18 000,13 000 ,8300 , 19 000
Zimbabwe,15 000 ,9000 , 22 000,13 000 ,8100 , 19 000,11 000 ,7100 , 17 000,12 000 ,7600 , 18 000,12 000 ,7300 , 18 000,13 000 ,7600 , 21 000,15 000 ,8100 , 23 000,14 000 ,7900 , 23 000,14 000 ,8000 , 22 000,11 000 ,7900 , 15 000,8000 ,5800 , 11 000,8600 ,6200 , 11 000,8300 ,5900 , 11 000,5900 ,4200 , 7800,5700 ,4000 , 7600,4800 ,3400 , 6400,4200 ,2900 , 5700,3800 ,2600 , 5200,3500 ,2400 , 4800
Global,,,,,,,,,,,,,580 000 ,460 000,720 000,590 000 ,470 000,730 000,580 000 ,460 000,700 000,570 000 ,480 000,670 000,550 000 ,450 000,650 000,540 000 ,440 000,640 000,520 000 ,430 000,620 000,510 000 ,430 000,600 000,500 000 ,420 000,590 000,460 000 ,400 000,510 000,410 000 ,370 000,460 000,380 000 ,330 000,420 000,330 000 ,290 000,370 000,300 000 ,260 000,330 000,250 000 ,220 000,280 000